﻿{
    "name": "liveeditor",
    "title": "jQuery LiveEditor",
    "description": "jQuery plugin that displays input editors when the user hovers over an editable control.",
    "keywords": [
        "editor"
    ],
    "version": "1.0.0",
    "author": {
        "name": "Mattias Åslund",
        "url": "https://github.com/aquamoth/liveeditor/blob/0.9.0/AUTHORS.txt"
    },
    "maintainers": [
        {
            "name": "Mattias Åslund",
            "email": "mattias@trustfall.se",
            "url": "http://trustfall.se"
        }
    ],
    "licenses": [
        {
            "type": "MIT",
            "url": "https://github.com/aquamoth/liveeditor/blob/0.9.0/LICENSE"
        }
    ],
    "bugs": "https://github.com/aquamoth/liveeditor/issues",
    "homepage": "https://github.com/aquamoth/liveeditor",
    "docs": "https://github.com/aquamoth/liveeditor/wiki",
    "download": "http://code.jquery.com/#liveeditor",
    "dependencies": {
        "jquery": ">=1.5"
    }
}